Changes made at Thu Nov 20 10:17:24 UTC 2025
Changes made at Thu Nov 20 12:27:15 UTC 2025
Changes made at Thu Nov 20 14:16:19 UTC 2025
Changes made at Thu Nov 20 16:20:33 UTC 2025
Changes made at Fri Nov 21 08:22:38 UTC 2025
Changes made at Fri Nov 21 10:16:56 UTC 2025
Changes made at Fri Nov 21 14:15:31 UTC 2025
Changes made at Fri Nov 21 16:19:59 UTC 2025
Changes made at Sat Nov 22 08:19:17 UTC 2025
Changes made at Sat Nov 22 10:15:16 UTC 2025
Changes made at Sat Nov 22 14:13:03 UTC 2025
Changes made at Sat Nov 22 16:17:26 UTC 2025
Changes made at Sun Nov 23 08:19:39 UTC 2025
Changes made at Sun Nov 23 10:15:07 UTC 2025
Changes made at Sun Nov 23 14:13:08 UTC 2025
Changes made at Sun Nov 23 16:17:47 UTC 2025
Changes made at Mon Nov 24 08:23:18 UTC 2025
Changes made at Mon Nov 24 10:18:40 UTC 2025
Changes made at Mon Nov 24 14:16:21 UTC 2025
Changes made at Mon Nov 24 16:18:26 UTC 2025
Changes made at Tue Nov 25 08:22:40 UTC 2025
Changes made at Tue Nov 25 10:19:16 UTC 2025
Changes made at Tue Nov 25 14:16:40 UTC 2025
Changes made at Tue Nov 25 16:21:42 UTC 2025
Changes made at Wed Nov 26 08:22:18 UTC 2025
Changes made at Wed Nov 26 10:18:43 UTC 2025
Changes made at Wed Nov 26 14:17:34 UTC 2025
Changes made at Wed Nov 26 16:20:30 UTC 2025
Changes made at Thu Nov 27 08:23:13 UTC 2025
Changes made at Thu Nov 27 10:18:14 UTC 2025
Changes made at Thu Nov 27 14:16:29 UTC 2025
Changes made at Thu Nov 27 16:19:36 UTC 2025
Changes made at Fri Nov 28 08:22:43 UTC 2025
Changes made at Fri Nov 28 10:18:16 UTC 2025
Changes made at Fri Nov 28 14:16:15 UTC 2025
Changes made at Fri Nov 28 16:19:34 UTC 2025
Changes made at Sat Nov 29 08:20:23 UTC 2025
Changes made at Sat Nov 29 10:15:46 UTC 2025
Changes made at Sat Nov 29 14:13:45 UTC 2025
Changes made at Sat Nov 29 16:18:18 UTC 2025
Changes made at Sun Nov 30 08:19:27 UTC 2025
Changes made at Sun Nov 30 10:15:20 UTC 2025
Changes made at Sun Nov 30 14:14:02 UTC 2025
Changes made at Sun Nov 30 16:18:15 UTC 2025
Changes made at Mon Dec  1 08:25:16 UTC 2025
Changes made at Mon Dec  1 10:19:49 UTC 2025
Changes made at Mon Dec  1 14:17:48 UTC 2025
Changes made at Mon Dec  1 16:23:17 UTC 2025
Changes made at Tue Dec  2 08:23:53 UTC 2025
Changes made at Tue Dec  2 10:18:44 UTC 2025
Changes made at Tue Dec  2 14:17:45 UTC 2025
Changes made at Tue Dec  2 16:22:15 UTC 2025
Changes made at Wed Dec  3 08:23:14 UTC 2025
Changes made at Wed Dec  3 10:19:09 UTC 2025
Changes made at Wed Dec  3 14:17:10 UTC 2025
Changes made at Wed Dec  3 16:22:57 UTC 2025
Changes made at Thu Dec  4 08:23:41 UTC 2025
Changes made at Thu Dec  4 10:19:29 UTC 2025
Changes made at Thu Dec  4 14:17:24 UTC 2025
Changes made at Thu Dec  4 16:22:23 UTC 2025
Changes made at Fri Dec  5 08:22:19 UTC 2025
Changes made at Fri Dec  5 10:18:00 UTC 2025
Changes made at Fri Dec  5 14:16:59 UTC 2025
Changes made at Fri Dec  5 16:20:35 UTC 2025
Changes made at Sat Dec  6 08:19:55 UTC 2025
Changes made at Sat Dec  6 10:15:40 UTC 2025
Changes made at Sat Dec  6 14:13:37 UTC 2025
Changes made at Sat Dec  6 16:18:27 UTC 2025
Changes made at Sun Dec  7 08:19:25 UTC 2025
Changes made at Sun Dec  7 10:14:53 UTC 2025
Changes made at Sun Dec  7 14:13:50 UTC 2025
Changes made at Sun Dec  7 16:17:55 UTC 2025
Changes made at Mon Dec  8 08:25:44 UTC 2025
Changes made at Mon Dec  8 10:18:52 UTC 2025
Changes made at Mon Dec  8 14:17:53 UTC 2025
Changes made at Mon Dec  8 16:22:07 UTC 2025
Changes made at Tue Dec  9 08:23:47 UTC 2025
Changes made at Tue Dec  9 10:19:42 UTC 2025
Changes made at Tue Dec  9 14:17:52 UTC 2025
Changes made at Tue Dec  9 16:22:07 UTC 2025
Changes made at Wed Dec 10 08:23:16 UTC 2025
Changes made at Wed Dec 10 10:19:31 UTC 2025
Changes made at Wed Dec 10 14:18:57 UTC 2025
Changes made at Wed Dec 10 16:22:50 UTC 2025
Changes made at Thu Dec 11 08:24:24 UTC 2025
Changes made at Thu Dec 11 10:19:59 UTC 2025
Changes made at Thu Dec 11 14:19:16 UTC 2025
Changes made at Thu Dec 11 16:24:14 UTC 2025
Changes made at Fri Dec 12 08:23:57 UTC 2025
Changes made at Fri Dec 12 10:18:05 UTC 2025
Changes made at Fri Dec 12 14:16:21 UTC 2025
Changes made at Fri Dec 12 16:20:14 UTC 2025
Changes made at Sat Dec 13 08:20:15 UTC 2025
Changes made at Sat Dec 13 10:15:45 UTC 2025
Changes made at Sat Dec 13 14:14:19 UTC 2025
Changes made at Sat Dec 13 16:18:43 UTC 2025
Changes made at Sun Dec 14 08:20:25 UTC 2025
Changes made at Sun Dec 14 10:15:50 UTC 2025
Changes made at Sun Dec 14 14:14:19 UTC 2025
Changes made at Sun Dec 14 16:18:20 UTC 2025
Changes made at Mon Dec 15 08:26:34 UTC 2025
Changes made at Mon Dec 15 10:21:01 UTC 2025
Changes made at Mon Dec 15 14:20:38 UTC 2025
Changes made at Mon Dec 15 16:24:47 UTC 2025
Changes made at Tue Dec 16 08:24:53 UTC 2025
Changes made at Tue Dec 16 10:19:59 UTC 2025
Changes made at Tue Dec 16 14:19:48 UTC 2025
Changes made at Tue Dec 16 16:23:20 UTC 2025
Changes made at Wed Dec 17 08:24:26 UTC 2025
Changes made at Wed Dec 17 10:19:33 UTC 2025
Changes made at Wed Dec 17 14:18:10 UTC 2025
Changes made at Wed Dec 17 16:22:18 UTC 2025
Changes made at Thu Dec 18 08:23:43 UTC 2025
Changes made at Thu Dec 18 10:20:10 UTC 2025
Changes made at Thu Dec 18 14:18:30 UTC 2025
Changes made at Thu Dec 18 16:23:59 UTC 2025
Changes made at Fri Dec 19 08:23:33 UTC 2025
Changes made at Fri Dec 19 10:18:05 UTC 2025
Changes made at Fri Dec 19 14:17:18 UTC 2025
Changes made at Fri Dec 19 16:21:09 UTC 2025
Changes made at Sat Dec 20 08:20:18 UTC 2025
Changes made at Sat Dec 20 10:15:51 UTC 2025
Changes made at Sat Dec 20 14:14:23 UTC 2025
Changes made at Sat Dec 20 16:18:58 UTC 2025
Changes made at Sun Dec 21 08:20:42 UTC 2025
Changes made at Sun Dec 21 10:16:11 UTC 2025
Changes made at Sun Dec 21 14:14:43 UTC 2025
Changes made at Sun Dec 21 16:18:44 UTC 2025
Changes made at Mon Dec 22 08:25:03 UTC 2025
Changes made at Mon Dec 22 10:18:38 UTC 2025
Changes made at Mon Dec 22 14:17:10 UTC 2025
Changes made at Mon Dec 22 16:20:33 UTC 2025
Changes made at Tue Dec 23 08:24:18 UTC 2025
Changes made at Tue Dec 23 10:18:45 UTC 2025
Changes made at Tue Dec 23 14:17:06 UTC 2025
Changes made at Tue Dec 23 16:21:52 UTC 2025
Changes made at Wed Dec 24 08:23:59 UTC 2025
Changes made at Wed Dec 24 10:17:53 UTC 2025
Changes made at Wed Dec 24 14:16:18 UTC 2025
Changes made at Wed Dec 24 16:20:26 UTC 2025
Changes made at Thu Dec 25 08:22:51 UTC 2025
Changes made at Thu Dec 25 10:17:54 UTC 2025
Changes made at Thu Dec 25 14:15:54 UTC 2025
Changes made at Thu Dec 25 16:20:18 UTC 2025
Changes made at Fri Dec 26 08:22:25 UTC 2025
Changes made at Fri Dec 26 10:17:48 UTC 2025
Changes made at Fri Dec 26 14:16:36 UTC 2025
Changes made at Fri Dec 26 16:19:13 UTC 2025
Changes made at Sat Dec 27 08:21:06 UTC 2025
Changes made at Sat Dec 27 10:16:05 UTC 2025
Changes made at Sat Dec 27 14:14:46 UTC 2025
Changes made at Sat Dec 27 16:19:19 UTC 2025
Changes made at Sun Dec 28 08:21:15 UTC 2025
Changes made at Sun Dec 28 10:16:20 UTC 2025
Changes made at Sun Dec 28 14:15:13 UTC 2025
Changes made at Sun Dec 28 16:19:46 UTC 2025
Changes made at Mon Dec 29 08:25:53 UTC 2025
Changes made at Mon Dec 29 10:19:12 UTC 2025
Changes made at Mon Dec 29 14:17:53 UTC 2025
Changes made at Mon Dec 29 16:20:46 UTC 2025
Changes made at Tue Dec 30 08:24:01 UTC 2025
Changes made at Tue Dec 30 10:18:32 UTC 2025
Changes made at Tue Dec 30 14:17:17 UTC 2025
Changes made at Tue Dec 30 16:22:04 UTC 2025
Changes made at Wed Dec 31 08:24:15 UTC 2025
Changes made at Wed Dec 31 10:17:55 UTC 2025
Changes made at Wed Dec 31 14:16:26 UTC 2025
Changes made at Wed Dec 31 16:20:54 UTC 2025
Changes made at Thu Jan  1 08:23:52 UTC 2026
Changes made at Thu Jan  1 10:18:37 UTC 2026
Changes made at Thu Jan  1 14:16:04 UTC 2026
Changes made at Thu Jan  1 16:21:15 UTC 2026
Changes made at Fri Jan  2 08:23:56 UTC 2026
Changes made at Fri Jan  2 10:17:22 UTC 2026
Changes made at Fri Jan  2 14:16:42 UTC 2026
Changes made at Fri Jan  2 16:20:13 UTC 2026
Changes made at Sat Jan  3 08:21:20 UTC 2026
Changes made at Sat Jan  3 10:16:25 UTC 2026
Changes made at Sat Jan  3 14:14:53 UTC 2026
Changes made at Sat Jan  3 16:19:36 UTC 2026
Changes made at Sun Jan  4 08:21:47 UTC 2026
Changes made at Sun Jan  4 10:16:34 UTC 2026
Changes made at Sun Jan  4 14:14:32 UTC 2026
Changes made at Sun Jan  4 16:19:25 UTC 2026
Changes made at Mon Jan  5 08:27:18 UTC 2026
Changes made at Mon Jan  5 10:20:33 UTC 2026
Changes made at Mon Jan  5 14:20:19 UTC 2026
Changes made at Mon Jan  5 16:22:09 UTC 2026
Changes made at Tue Jan  6 08:24:55 UTC 2026
Changes made at Tue Jan  6 10:19:22 UTC 2026
Changes made at Tue Jan  6 14:18:33 UTC 2026
Changes made at Tue Jan  6 16:22:38 UTC 2026
Changes made at Wed Jan  7 08:24:49 UTC 2026
Changes made at Wed Jan  7 10:19:36 UTC 2026
Changes made at Wed Jan  7 14:20:04 UTC 2026
Changes made at Wed Jan  7 16:25:06 UTC 2026
Changes made at Thu Jan  8 08:25:01 UTC 2026
Changes made at Thu Jan  8 10:20:07 UTC 2026
Changes made at Thu Jan  8 14:20:56 UTC 2026
Changes made at Thu Jan  8 16:24:17 UTC 2026
Changes made at Fri Jan  9 08:24:46 UTC 2026
Changes made at Fri Jan  9 10:18:27 UTC 2026
Changes made at Fri Jan  9 14:19:44 UTC 2026
Changes made at Fri Jan  9 16:21:47 UTC 2026
Changes made at Sat Jan 10 08:21:23 UTC 2026
Changes made at Sat Jan 10 10:16:28 UTC 2026
Changes made at Sat Jan 10 14:15:03 UTC 2026
Changes made at Sat Jan 10 16:19:14 UTC 2026
Changes made at Sun Jan 11 08:21:27 UTC 2026
Changes made at Sun Jan 11 10:17:05 UTC 2026
Changes made at Sun Jan 11 14:15:18 UTC 2026
Changes made at Sun Jan 11 16:19:17 UTC 2026
Changes made at Mon Jan 12 08:26:22 UTC 2026
Changes made at Mon Jan 12 10:21:16 UTC 2026
Changes made at Mon Jan 12 14:21:23 UTC 2026
Changes made at Mon Jan 12 16:22:18 UTC 2026
Changes made at Tue Jan 13 08:25:23 UTC 2026
Changes made at Tue Jan 13 10:19:32 UTC 2026
Changes made at Tue Jan 13 14:21:12 UTC 2026
Changes made at Tue Jan 13 16:26:08 UTC 2026
Changes made at Wed Jan 14 08:24:32 UTC 2026
Changes made at Wed Jan 14 10:20:08 UTC 2026
Changes made at Wed Jan 14 14:21:21 UTC 2026
Changes made at Wed Jan 14 16:25:03 UTC 2026
Changes made at Thu Jan 15 08:26:04 UTC 2026
Changes made at Thu Jan 15 10:19:22 UTC 2026
Changes made at Thu Jan 15 14:20:34 UTC 2026
Changes made at Thu Jan 15 16:29:35 UTC 2026
Changes made at Fri Jan 16 08:24:17 UTC 2026
Changes made at Fri Jan 16 10:19:01 UTC 2026
Changes made at Fri Jan 16 14:19:32 UTC 2026
Changes made at Fri Jan 16 16:22:51 UTC 2026
Changes made at Sat Jan 17 08:21:05 UTC 2026
Changes made at Sat Jan 17 10:16:02 UTC 2026
Changes made at Sat Jan 17 14:15:16 UTC 2026
Changes made at Sat Jan 17 16:18:27 UTC 2026
Changes made at Sun Jan 18 08:21:36 UTC 2026
Changes made at Sun Jan 18 10:17:12 UTC 2026
Changes made at Sun Jan 18 14:14:54 UTC 2026
Changes made at Sun Jan 18 16:19:23 UTC 2026
Changes made at Mon Jan 19 08:27:15 UTC 2026
Changes made at Mon Jan 19 10:23:25 UTC 2026
Changes made at Mon Jan 19 14:23:14 UTC 2026
Changes made at Mon Jan 19 16:23:38 UTC 2026
Changes made at Tue Jan 20 08:26:19 UTC 2026
Changes made at Tue Jan 20 10:22:58 UTC 2026
Changes made at Tue Jan 20 14:26:52 UTC 2026
Changes made at Tue Jan 20 16:29:36 UTC 2026
Changes made at Wed Jan 21 08:26:21 UTC 2026
Changes made at Wed Jan 21 10:23:17 UTC 2026
Changes made at Wed Jan 21 14:26:18 UTC 2026
Changes made at Wed Jan 21 16:37:29 UTC 2026
Changes made at Thu Jan 22 08:26:03 UTC 2026
Changes made at Thu Jan 22 10:22:54 UTC 2026
Changes made at Thu Jan 22 14:25:56 UTC 2026
Changes made at Thu Jan 22 16:29:23 UTC 2026
Changes made at Fri Jan 23 08:24:56 UTC 2026
Changes made at Fri Jan 23 10:20:13 UTC 2026
Changes made at Fri Jan 23 14:21:01 UTC 2026
Changes made at Fri Jan 23 16:24:22 UTC 2026
Changes made at Sat Jan 24 08:21:33 UTC 2026
Changes made at Sat Jan 24 10:17:15 UTC 2026
Changes made at Sat Jan 24 14:15:40 UTC 2026
Changes made at Sat Jan 24 16:19:24 UTC 2026
Changes made at Sun Jan 25 08:22:08 UTC 2026
Changes made at Sun Jan 25 10:17:49 UTC 2026
Changes made at Sun Jan 25 14:15:16 UTC 2026
Changes made at Sun Jan 25 16:20:28 UTC 2026
Changes made at Mon Jan 26 08:26:57 UTC 2026
Changes made at Mon Jan 26 10:22:12 UTC 2026
Changes made at Mon Jan 26 14:24:37 UTC 2026
Changes made at Mon Jan 26 16:28:20 UTC 2026
Changes made at Tue Jan 27 08:27:47 UTC 2026
Changes made at Tue Jan 27 10:23:05 UTC 2026
Changes made at Tue Jan 27 14:25:31 UTC 2026
Changes made at Tue Jan 27 16:25:28 UTC 2026
Changes made at Wed Jan 28 08:26:29 UTC 2026
Changes made at Wed Jan 28 10:23:51 UTC 2026
Changes made at Wed Jan 28 14:25:18 UTC 2026
Changes made at Wed Jan 28 16:31:11 UTC 2026
Changes made at Thu Jan 29 08:33:36 UTC 2026
Changes made at Thu Jan 29 10:32:13 UTC 2026
Changes made at Thu Jan 29 14:35:46 UTC 2026
Changes made at Thu Jan 29 16:38:16 UTC 2026
Changes made at Fri Jan 30 08:32:34 UTC 2026
Changes made at Fri Jan 30 10:28:49 UTC 2026
Changes made at Fri Jan 30 14:32:13 UTC 2026
Changes made at Fri Jan 30 16:33:33 UTC 2026
Changes made at Sat Jan 31 08:24:11 UTC 2026
Changes made at Sat Jan 31 10:19:32 UTC 2026
Changes made at Sat Jan 31 14:20:42 UTC 2026
Changes made at Sat Jan 31 16:22:01 UTC 2026
Changes made at Sun Feb  1 08:27:02 UTC 2026
Changes made at Sun Feb  1 10:20:44 UTC 2026
Changes made at Sun Feb  1 14:21:53 UTC 2026
Changes made at Sun Feb  1 16:23:54 UTC 2026
Changes made at Mon Feb  2 08:37:30 UTC 2026
Changes made at Mon Feb  2 10:39:27 UTC 2026
Changes made at Mon Feb  2 14:38:16 UTC 2026
Changes made at Mon Feb  2 16:34:15 UTC 2026
Changes made at Tue Feb  3 08:31:29 UTC 2026
Changes made at Tue Feb  3 10:35:14 UTC 2026
Changes made at Tue Feb  3 14:40:12 UTC 2026
Changes made at Tue Feb  3 16:46:57 UTC 2026
Changes made at Wed Feb  4 08:35:39 UTC 2026
Changes made at Wed Feb  4 10:33:56 UTC 2026
Changes made at Wed Feb  4 14:37:55 UTC 2026
Changes made at Wed Feb  4 16:41:00 UTC 2026
Changes made at Thu Feb  5 08:37:47 UTC 2026
Changes made at Thu Feb  5 10:36:10 UTC 2026
Changes made at Thu Feb  5 14:39:42 UTC 2026
Changes made at Thu Feb  5 16:41:02 UTC 2026
Changes made at Fri Feb  6 08:35:56 UTC 2026
Changes made at Fri Feb  6 10:34:27 UTC 2026
Changes made at Fri Feb  6 14:36:59 UTC 2026
Changes made at Fri Feb  6 16:38:30 UTC 2026
Changes made at Sat Feb  7 08:25:36 UTC 2026
Changes made at Sat Feb  7 10:20:54 UTC 2026
Changes made at Sat Feb  7 14:21:38 UTC 2026
Changes made at Sat Feb  7 16:24:32 UTC 2026
Changes made at Sun Feb  8 08:28:06 UTC 2026
Changes made at Sun Feb  8 10:21:21 UTC 2026
Changes made at Sun Feb  8 14:23:31 UTC 2026
Changes made at Sun Feb  8 16:25:01 UTC 2026
Changes made at Mon Feb  9 08:44:22 UTC 2026
Changes made at Mon Feb  9 10:52:27 UTC 2026
Changes made at Mon Feb  9 14:47:26 UTC 2026
Changes made at Tue Feb 10 08:45:05 UTC 2026
Changes made at Tue Feb 10 10:51:04 UTC 2026
Changes made at Tue Feb 10 14:54:04 UTC 2026
Changes made at Tue Feb 10 16:58:23 UTC 2026
Changes made at Wed Feb 11 08:42:09 UTC 2026
Changes made at Wed Feb 11 10:44:14 UTC 2026
Changes made at Wed Feb 11 14:48:30 UTC 2026
Changes made at Wed Feb 11 17:00:30 UTC 2026
Changes made at Thu Feb 12 08:40:10 UTC 2026
Changes made at Thu Feb 12 10:40:16 UTC 2026
Changes made at Thu Feb 12 14:43:19 UTC 2026
Changes made at Thu Feb 12 16:53:11 UTC 2026
Changes made at Fri Feb 13 08:37:18 UTC 2026
Changes made at Fri Feb 13 10:35:10 UTC 2026
Changes made at Fri Feb 13 14:37:50 UTC 2026
Changes made at Fri Feb 13 16:39:51 UTC 2026
Changes made at Sat Feb 14 08:26:31 UTC 2026
Changes made at Sat Feb 14 10:21:35 UTC 2026
Changes made at Sat Feb 14 14:22:23 UTC 2026
Changes made at Sat Feb 14 16:23:40 UTC 2026
Changes made at Sun Feb 15 08:27:50 UTC 2026
Changes made at Sun Feb 15 16:24:01 UTC 2026
Changes made at Mon Feb 16 08:40:59 UTC 2026
Changes made at Mon Feb 16 10:44:00 UTC 2026
Changes made at Mon Feb 16 14:38:08 UTC 2026
Changes made at Mon Feb 16 16:37:37 UTC 2026
Changes made at Tue Feb 17 08:39:25 UTC 2026
Changes made at Tue Feb 17 10:40:21 UTC 2026
Changes made at Tue Feb 17 14:41:08 UTC 2026
Changes made at Tue Feb 17 16:52:11 UTC 2026
Changes made at Wed Feb 18 08:39:10 UTC 2026
Changes made at Wed Feb 18 10:39:31 UTC 2026
Changes made at Wed Feb 18 14:40:12 UTC 2026
Changes made at Wed Feb 18 16:58:03 UTC 2026
Changes made at Thu Feb 19 08:38:05 UTC 2026
Changes made at Thu Feb 19 10:38:09 UTC 2026
Changes made at Thu Feb 19 14:42:35 UTC 2026
Changes made at Thu Feb 19 16:45:31 UTC 2026
Changes made at Fri Feb 20 08:35:18 UTC 2026
Changes made at Fri Feb 20 10:32:36 UTC 2026
Changes made at Fri Feb 20 14:36:36 UTC 2026
Changes made at Fri Feb 20 16:32:38 UTC 2026
Changes made at Sat Feb 21 08:25:02 UTC 2026
Changes made at Sat Feb 21 10:20:30 UTC 2026
Changes made at Sat Feb 21 14:22:05 UTC 2026
Changes made at Sat Feb 21 16:23:17 UTC 2026
Changes made at Sun Feb 22 08:26:21 UTC 2026
